{
  "tracks": [
    {
      "artist": "Nothing But Thieves",
      "album": "Lover, You Should Have Come Over",
      "track": "Lover, You Should Have Come Over - Live at BBC Maida Vale Studios",
      "uri": "spotify:track:07fbp9X6SVbHbk5MiKdkD5"
    },
    {
      "artist": "Coyote Theory",
      "album": "Color",
      "track": "This Side of Paradise",
      "uri": "spotify:track:79EkGysjP2dL5GdpeQjRxT"
    },
    {
      "artist": "Nothing But Thieves",
      "album": "Nothing But Thieves",
      "track": "Tempt You (Evocatio)",
      "uri": "spotify:track:3NcersJLi7MRYV2wGOUJL1"
    },
    {
      "artist": "Chase Atlantic",
      "album": "DON'T TRY THIS",
      "track": "WHAT U CALL THAT",
      "uri": "spotify:track:79bhY6Rl8q2VJRHAbWNCGl"
    },
    {
      "artist": "Lauv",
      "album": "~how i'm feeling~",
      "track": "Who (feat. BTS)",
      "uri": "spotify:track:2qG81jL9UIP54uS8gYyP4k"
    },
    {
      "artist": "Nothing But Thieves",
      "album": "Moral Panic",
      "track": "Free If We Want It",
      "uri": "spotify:track:6wtAYn7uBhJMXTf2hnhtl9"
    },
    {
      "artist": "keshi",
      "album": "bandaids",
      "track": "blue",
      "uri": "spotify:track:21yCOhgaDMc0KEtxhZHTbI"
    },
    {
      "artist": "Lauv",
      "album": "I met you when I was 18. (the playlist)",
      "track": "Chasing Fire",
      "uri": "spotify:track:2zXRAZvUb2B5PzJGwCtFe0"
    },
    {
      "artist": "City and Colour",
      "album": "A Pill for Loneliness",
      "track": "Strangers",
      "uri": "spotify:track:3SyfpaIgBWq0eEZTW2LWYA"
    },
    {
      "artist": "Within Destruction",
      "album": "Yōkai",
      "track": "Sakura",
      "uri": "spotify:track:2s0xdai1hn2yRLAliZMLRV"
    },
    {
      "artist": "Rizzih",
      "album": "Celeste",
      "track": "Fragmentos",
      "uri": "spotify:track:3J85r6VjzPOfDy35Gmf6g1"
    },
    {
      "artist": "Duncan Laurence",
      "album": "Arcade",
      "track": "Arcade",
      "uri": "spotify:track:1Xi84slp6FryDSCbzq4UCD"
    },
    {
      "artist": "EDEN",
      "album": "untitled",
      "track": "untitled",
      "uri": "spotify:track:35XEfip4wHj4HwLYyPDWT5"
    },
    {
      "artist": "ZAYN",
      "album": "Icarus Falls",
      "track": "Imprint",
      "uri": "spotify:track:2y4C7yxLi2xAfIdUDNCoxQ"
    },
    {
      "artist": "ZAYN",
      "album": "Icarus Falls",
      "track": "Icarus Interlude",
      "uri": "spotify:track:2GQpWGzS8N5BKsrNdqAAYG"
    },
    {
      "artist": "Lauv",
      "album": "I met you when I was 18. (the playlist)",
      "track": "Getting Over You",
      "uri": "spotify:track:4G4gtvlaFaI6v6wWD8UvqL"
    },
    {
      "artist": "Steven Universe",
      "album": "Steven Universe, Vol. 1 (Original Soundtrack)",
      "track": "Don't Cost Nothing (Reprise)",
      "uri": "spotify:track:5T0AXGiRefQwoFvZv5cNgW"
    },
    {
      "artist": "Goody Grace",
      "album": "Two Shots",
      "track": "Two Shots - Acoustic",
      "uri": "spotify:track:74TB3OHAP36uD5Lu1aTvpj"
    },
    {
      "artist": "AUDREY NUNA",
      "album": "a liquid breakfast",
      "track": "Space",
      "uri": "spotify:track:0mvKoOMnjfGtgTEUQAHWMs"
    },
    {
      "artist": "Rad Museum",
      "album": "Scene",
      "track": "Dancing In The Rain",
      "uri": "spotify:track:1ouGYz9Qvou12hFOwYOV66"
    },
    {
      "artist": "ANAVITÓRIA",
      "album": "O Tempo É Agora",
      "track": "Outrória",
      "uri": "spotify:track:5KV6ycJQtuU1ZZRUUqmV7Y"
    },
    {
      "artist": "Two Feet",
      "album": "Love Is a Bitch",
      "track": "Love Is a Bitch",
      "uri": "spotify:track:6MiVIH3fQlmz44jGx2DXn4"
    },
    {
      "artist": "The Vamps",
      "album": "Missing You - EP",
      "track": "Missing You",
      "uri": "spotify:track:0LcNMuOiULmxJK3bdHTfDF"
    },
    {
      "artist": "ZAYN",
      "album": "Icarus Falls",
      "track": "Let Me",
      "uri": "spotify:track:1Uw2ZFb7B4d3Rz9xv4Rrf4"
    },
    {
      "artist": "Steven Universe",
      "album": "Steven Universe, Vol. 1 (Original Soundtrack)",
      "track": "Giant Woman",
      "uri": "spotify:track:04w9To8oYQ7Mz8l9H0r8h9"
    },
    {
      "artist": "NF",
      "album": "Time",
      "track": "Time - Edit",
      "uri": "spotify:track:68Vm2W4oURsPV3121vUZgB"
    },
    {
      "artist": "Lauv",
      "album": "I met you when I was 18. (the playlist)",
      "track": "I Like Me Better",
      "uri": "spotify:track:2P91MQbaiQOfbiz9VqhqKQ"
    },
    {
      "artist": "Twenty One Pilots",
      "album": "Trench",
      "track": "Neon Gravestones",
      "uri": "spotify:track:0sXvjZV7p4uvyPN4uQo3FH"
    },
    {
      "artist": "WALK THE MOON",
      "album": "What If Nothing",
      "track": "Lost In The Wild",
      "uri": "spotify:track:0M1A9wInEHilyWkh4I8tWo"
    },
    {
      "artist": "AWOLNATION",
      "album": "Run",
      "track": "Run",
      "uri": "spotify:track:2wIC3jqtTK78zQMdj1DRLu"
    },
    {
      "artist": "Gloria Groove",
      "album": "A Tua Voz",
      "track": "A Tua Voz",
      "uri": "spotify:track:2LfRxbEQMsqzkU1VpsuZrn"
    },
    {
      "artist": "Melim",
      "album": "Melim",
      "track": "Dois Corações",
      "uri": "spotify:track:4xwPOyN9VgaTPehdsLiYul"
    },
    {
      "artist": "Set It Off",
      "album": "Duality",
      "track": "Wolf in Sheep's Clothing (feat. William Beckett)",
      "uri": "spotify:track:4WXFDVe299Po8ih6Np54n2"
    },
    {
      "artist": "Steven Universe",
      "album": "Steven Universe, Vol. 1 (Original Soundtrack)",
      "track": "What Can I Do (For You)",
      "uri": "spotify:track:6GcEOT3Ckqrvj2YuhfYsmH"
    },
    {
      "artist": "Steven Universe",
      "album": "Steven Universe, Vol. 1 (Original Soundtrack)",
      "track": "What's the Use of Feeling (Blue)?",
      "uri": "spotify:track:2nGG5ladMCBTQTjRL4v9VB"
    },
    {
      "artist": "Khalid",
      "album": "Free Spirit",
      "track": "Intro",
      "uri": "spotify:track:5BfMJ6iytQnu1r7iiCYSXe"
    },
    {
      "artist": "Rosa Neon",
      "album": "Rosa Neon",
      "track": "Cê Não Tem Dó de Mim",
      "uri": "spotify:track:075X6aZ1uZYjcIFWlR4QDs"
    },
    {
      "artist": "Rodrigo Alarcon",
      "album": "Parte",
      "track": "O Lado Vazio do Sofá",
      "uri": "spotify:track:51iBQT8CxWLiinKJ6mR5UW"
    },
    {
      "artist": "Goody Grace",
      "album": "Memorie$ (feat. Jesse Rutherford & A$AP Ant)",
      "track": "Memorie$",
      "uri": "spotify:track:4VIAKU13YSnozH0aLh5S81"
    },
    {
      "artist": "ZAYN",
      "album": "Icarus Falls",
      "track": "No Candle No Light (feat. Nicki Minaj)",
      "uri": "spotify:track:0yChzgxfOGJvl8dtrI4Imu"
    },
    {
      "artist": "Steven Universe",
      "album": "Steven Universe, Vol. 1 (Original Soundtrack)",
      "track": "Lapis Lazuli",
      "uri": "spotify:track:7CEBC34EnZtnfYMFTkNAkk"
    },
    {
      "artist": "Costa Gold",
      "album": "Irmão Dqbrada!",
      "track": "Irmão DQbrada!",
      "uri": "spotify:track:4CPhkF6SboNZoZfjgaEYME"
    },
    {
      "artist": "Chase Atlantic",
      "album": "Dalliance",
      "track": "Gravity",
      "uri": "spotify:track:10L3WJglJ5GjbOgBIIuXLa"
    },
    {
      "artist": "WINNER",
      "album": "FATE NUMBER FOR",
      "track": "REALLY REALLY",
      "uri": "spotify:track:1H2qNVjNn13tlpKv6MtiYn"
    },
    {
      "artist": "Lauv",
      "album": "I met you when I was 18. (the playlist)",
      "track": "Bracelet",
      "uri": "spotify:track:5WAD7GRAHPQUy9Il1hM7wL"
    },
    {
      "artist": "Steven Universe",
      "album": "Steven Universe, Vol. 1 (Original Soundtrack)",
      "track": "It's Over Isn't It",
      "uri": "spotify:track:4P0yLay4gFvWWKxM6egrn7"
    },
    {
      "artist": "NF",
      "album": "The Search",
      "track": "Returns",
      "uri": "spotify:track:2uEuo87JC9tc1dzmPUtOxj"
    },
    {
      "artist": "Steven Universe",
      "album": "Steven Universe, Vol. 1 (Original Soundtrack)",
      "track": "Let Me Drive My Van into Your Heart",
      "uri": "spotify:track:5FmHnQvnU5SeTo9AVeXJFV"
    },
    {
      "artist": "Nothing But Thieves",
      "album": "Graveyard Whistling - EP",
      "track": "Emergency",
      "uri": "spotify:track:4CX8qiTS2hUXp4dqYmNxQy"
    },
    {
      "artist": "Jae Stephens",
      "album": "What You Need (feat THEY.)",
      "track": "What You Need (feat THEY.)",
      "uri": "spotify:track:7dzbbppPDPvJvYEFiNTSlH"
    },
    {
      "artist": "Amber Run",
      "album": "For A Moment, I Was Lost",
      "track": "Wastelands",
      "uri": "spotify:track:2sULsUCwpXcUa6nktC5Hcx"
    },
    {
      "artist": "Thirty Seconds To Mars",
      "album": "AMERICA",
      "track": "Live Like A Dream",
      "uri": "spotify:track:1glJzSUiShhraXl8zjgD22"
    },
    {
      "artist": "Kendrick Lamar",
      "album": "Black Panther The Album Music From And Inspired By",
      "track": "All The Stars (with SZA)",
      "uri": "spotify:track:3GCdLUSnKSMJhs4Tj6CV3s"
    },
    {
      "artist": "Lauv",
      "album": "I met you when I was 18. (the playlist)",
      "track": "Never Not",
      "uri": "spotify:track:4fFfyouye6vrX9o9z4PVMu"
    },
    {
      "artist": "Shawn Mendes",
      "album": "Monster",
      "track": "Monster (Shawn Mendes & Justin Bieber)",
      "uri": "spotify:track:2Z8yfpFX0ZMavHkcIeHiO1"
    },
    {
      "artist": "Bring Me The Horizon",
      "album": "Parasite Eve",
      "track": "Parasite Eve",
      "uri": "spotify:track:5OxclJsdFESni44YlpNpkR"
    },
    {
      "artist": "The Band CAMINO",
      "album": "Heaven",
      "track": "My Thoughts On You",
      "uri": "spotify:track:0OkMj0czyhrDCIhOSLFpHK"
    },
    {
      "artist": "Lauv",
      "album": "I met you when I was 18. (the playlist)",
      "track": "Paranoid",
      "uri": "spotify:track:2wCVpdNSHjqIn2en8jAnF0"
    },
    {
      "artist": "Mazzy Star",
      "album": "Among My Swan",
      "track": "Look On Down From The Bridge",
      "uri": "spotify:track:010ALbbh5KlQ4fKWgSdhRd"
    },
    {
      "artist": "Architects",
      "album": "Holy Hell",
      "track": "Doomsday",
      "uri": "spotify:track:75R95k0ICuZBFVEjBauOtt"
    },
    {
      "artist": "Sam Smith",
      "album": "Dancing With A Stranger (with Normani)",
      "track": "Dancing With A Stranger (with Normani)",
      "uri": "spotify:track:6Qs4SXO9dwPj5GKvVOv8Ki"
    },
    {
      "artist": "ZAYN",
      "album": "Icarus Falls",
      "track": "Talk To Me",
      "uri": "spotify:track:0EfTBWPcshDFcbI48VuqhJ"
    },
    {
      "artist": "Lauv",
      "album": "I met you when I was 18. (the playlist)",
      "track": "Comfortable",
      "uri": "spotify:track:05fmLn8tNYb3ijIH2jCLPb"
    },
    {
      "artist": "Seafret",
      "album": "Most of Us Are Strangers",
      "track": "Be My Queen",
      "uri": "spotify:track:4k0cOcZGpkpxxe38IRaUA7"
    },
    {
      "artist": "Steven Universe",
      "album": "Steven Universe, Vol. 1 (Original Soundtrack)",
      "track": "Dear Old Dad",
      "uri": "spotify:track:09ak3eX0YGV8n3fxYfBSkJ"
    },
    {
      "artist": "ZAYN",
      "album": "Icarus Falls",
      "track": "Too Much (feat. Timbaland)",
      "uri": "spotify:track:0rNww8PLCIrZLPz001SPI1"
    },
    {
      "artist": "ANGRA",
      "album": "Rebirth",
      "track": "Unholy Wars",
      "uri": "spotify:track:42OsDWM7jc6KsNzIPevV3y"
    },
    {
      "artist": "Nothing But Thieves",
      "album": "Nothing But Thieves",
      "track": "Neon Brother",
      "uri": "spotify:track:3onvqHzdPZXZrPo5GfLqGE"
    },
    {
      "artist": "Bastille",
      "album": "Doom Days",
      "track": "Divide",
      "uri": "spotify:track:1JqXG6xAEnCC8pQnYdpIif"
    },
    {
      "artist": "Jovem Dionisio",
      "album": "Pontos de Exclamação",
      "track": "Pontos de Exclamação",
      "uri": "spotify:track:2mlsK27VNUj8y08BvtIbXu"
    },
    {
      "artist": "Catfish and the Bottlemen",
      "album": "The Ride",
      "track": "Anything",
      "uri": "spotify:track:1JblvWxcwHXMLth0c6ssFy"
    },
    {
      "artist": "Bastille",
      "album": "Doom Days",
      "track": "Doom Days",
      "uri": "spotify:track:2kz20xeZlT3nEdsUcgzc8q"
    },
    {
      "artist": "ZAYN",
      "album": "Icarus Falls",
      "track": "Fresh Air",
      "uri": "spotify:track:4ijn493I1pc5BnxN59DTHt"
    },
    {
      "artist": "OUTROEU",
      "album": "Pra Vida Inteira",
      "track": "Pra Vida Inteira",
      "uri": "spotify:track:2ujsgiXpSpV1rbVnNe2ntt"
    },
    {
      "artist": "Ethan Dufault",
      "album": "California",
      "track": "California",
      "uri": "spotify:track:5hObV993dRRy08zRzqdEhY"
    },
    {
      "artist": "Two Feet",
      "album": "First Steps",
      "track": "Go Fuck Yourself",
      "uri": "spotify:track:4NZrZgrRoR4GwR7flWOXRI"
    },
    {
      "artist": "Lauv",
      "album": "I met you when I was 18. (the playlist)",
      "track": "Reforget",
      "uri": "spotify:track:7FLQuyyCaIrBRqNt5l83U4"
    },
    {
      "artist": "Daniel Caesar",
      "album": "Freudian",
      "track": "Best Part (feat. H.E.R.)",
      "uri": "spotify:track:1RMJOxR6GRPsBHL8qeC2ux"
    },
    {
      "artist": "BANNERS",
      "album": "Someone To You",
      "track": "Someone To You - Acoustic",
      "uri": "spotify:track:6uhk9SHuaSqlvG2Dt3Ncnk"
    },
    {
      "artist": "Thutmose",
      "album": "Spider-Man: Into the Spider-Verse",
      "track": "Memories",
      "uri": "spotify:track:2CWOMDYFK4Ef3867nEhnVM"
    },
    {
      "artist": "Nothing But Thieves",
      "album": "Nothing But Thieves",
      "track": "Six Billion",
      "uri": "spotify:track:44yES5bd4ezm4W6workRfh"
    },
    {
      "artist": "Goody Grace",
      "album": "Nostalgia Is A Lie",
      "track": "Nostalgia Is A Lie",
      "uri": "spotify:track:1iO5ZO2ZTIWXTeEwdEsNoh"
    },
    {
      "artist": "SYML",
      "album": "Where's My Love",
      "track": "Where's My Love - Acoustic",
      "uri": "spotify:track:1eKvw144NYPlDjR0wQoGLW"
    },
    {
      "artist": "ZAYN",
      "album": "Icarus Falls",
      "track": "Satisfaction",
      "uri": "spotify:track:6yYDsN0BRy6Ef2VpVCwJaH"
    },
    {
      "artist": "The Band CAMINO",
      "album": "Know Me",
      "track": "Know Me",
      "uri": "spotify:track:2KPBSnz8n5lXYXkLauQXa9"
    },
    {
      "artist": "Zimbra",
      "album": "O Tudo, o Nada e o Mundo",
      "track": "Orfanato",
      "uri": "spotify:track:4VY2P1Xy89jePORqQel8Ub"
    },
    {
      "artist": "Conan Gray",
      "album": "Kid Krow",
      "track": "Heather",
      "uri": "spotify:track:4xqrdfXkTW4T0RauPLv3WA"
    },
    {
      "artist": "Unlike Pluto",
      "album": "Everything Black",
      "track": "Everything Black",
      "uri": "spotify:track:3UEnF6y5tyHVtMzldS3svp"
    },
    {
      "artist": "Maroon 5",
      "album": "Memories",
      "track": "Memories",
      "uri": "spotify:track:2b8fOow8UzyDFAE27YhOZM"
    },
    {
      "artist": "Palaye Royale",
      "album": "The Bastards",
      "track": "Little Bastards",
      "uri": "spotify:track:7w5rh9x3sjgTRirjfCKsjd"
    },
    {
      "artist": "keshi",
      "album": "more",
      "track": "more",
      "uri": "spotify:track:0D2bQ8QLRSLeyuvEhSuaDD"
    },
    {
      "artist": "Lauv",
      "album": "Superhero",
      "track": "Superhero",
      "uri": "spotify:track:1Fo4OvzP9PThFKMeMIAEYu"
    },
    {
      "artist": "Florence + The Machine",
      "album": "Light Of Love",
      "track": "Light Of Love",
      "uri": "spotify:track:3q8iHOd2icirSipnkE7fae"
    },
    {
      "artist": "Arctic Monkeys",
      "album": "Favourite Worst Nightmare",
      "track": "505",
      "uri": "spotify:track:0BxE4FqsDD1Ot4YuBXwAPp"
    },
    {
      "artist": "Jeremy Zucker",
      "album": "glisten",
      "track": "all the kids are depressed",
      "uri": "spotify:track:75ls0gurX68lUmMjE7QcsE"
    },
    {
      "artist": "Steven Universe",
      "album": "Steven Universe, Vol. 1 (Original Soundtrack)",
      "track": "Destiny",
      "uri": "spotify:track:1XJ4Tlgl5Q0DvVp8s6dq7p"
    },
    {
      "artist": "Steven Universe",
      "album": "Steven Universe, Vol. 1 (Original Soundtrack)",
      "track": "We Are the Crystal Gems (Full Theme Song)",
      "uri": "spotify:track:3W0MG9Sr4qEgu4xHcOp928"
    },
    {
      "artist": "You Me At Six",
      "album": "Night People",
      "track": "Take on the World",
      "uri": "spotify:track:6J0xeqjdpsUH0W1YBCmD1L"
    },
    {
      "artist": "Post Malone",
      "album": "Spider-Man: Into the Spider-Verse",
      "track": "Sunflower - Spider-Man: Into the Spider-Verse",
      "uri": "spotify:track:3KkXRkHbMCARz0aVfEt68P"
    },
    {
      "artist": "XXXTENTACION",
      "album": "?",
      "track": "changes",
      "uri": "spotify:track:7AFASza1mXqntmGtbxXprO"
    },
    {
      "artist": "Steven Universe",
      "album": "Steven Universe, Vol. 1 (Original Soundtrack)",
      "track": "Steven and the Stevens",
      "uri": "spotify:track:0Z9yhMz4TNdrni0QHEnokF"
    },
    {
      "artist": "Ricky Montgomery",
      "album": "Montgomery Ricky",
      "track": "Line Without a Hook",
      "uri": "spotify:track:5NvOZCjZaGGGL597exlQWv"
    },
    {
      "artist": "Goody Grace",
      "album": "Infinite",
      "track": "210 Lilac Sky",
      "uri": "spotify:track:7xNX7H1gMxMWhC8GtWgzjv"
    },
    {
      "artist": "MISSIO",
      "album": "Skeletons: Part 1",
      "track": "Can I Exist",
      "uri": "spotify:track:1PfstIZqhC77Xpctr80Urv"
    },
    {
      "artist": "Steven Universe",
      "album": "Steven Universe, Vol. 1 (Original Soundtrack)",
      "track": "Still Not Giving Up",
      "uri": "spotify:track:2iOztOZiIad5rmsYfp9ZaQ"
    },
    {
      "artist": "5 Seconds of Summer",
      "album": "Sounds Good Feels Good",
      "track": "Story Of Another Us",
      "uri": "spotify:track:13flo9IOzRHNgzAxDl5s3Y"
    },
    {
      "artist": "Lauv",
      "album": "I met you when I was 18. (the playlist)",
      "track": "Question",
      "uri": "spotify:track:6mDoM5FGbr1Or5nY9pTnLy"
    },
    {
      "artist": "Steven Universe",
      "album": "Steven Universe, Vol. 1 (Original Soundtrack)",
      "track": "I Could Never Be (Ready)",
      "uri": "spotify:track:7g7ztNmReX9m0BYuMmZ06H"
    },
    {
      "artist": "Young the Giant",
      "album": "Mind Over Matter",
      "track": "Mind Over Matter",
      "uri": "spotify:track:5Az8KU81g2aLBbJN67F2CI"
    },
    {
      "artist": "Rauf & Faik",
      "album": "Я люблю тебя",
      "track": "Я огонь ты вода",
      "uri": "spotify:track:1N48vDtjRhOZRZGlvlQWNW"
    },
    {
      "artist": "PRETTYMUCH",
      "album": "Phases - EP",
      "track": "Eyes Off You",
      "uri": "spotify:track:0VpEX8ib3wE7u8NOw4szU6"
    },
    {
      "artist": "Rex Orange County",
      "album": "Edition",
      "track": "Edition",
      "uri": "spotify:track:1wz7B02oOtrTW6SNLG0cSk"
    },
    {
      "artist": "Chase Atlantic",
      "album": "Nostalgia",
      "track": "Friends",
      "uri": "spotify:track:2jQiSYrwJehQAcuaaQrXnS"
    },
    {
      "artist": "YONAKA",
      "album": "Ordinary",
      "track": "Ordinary",
      "uri": "spotify:track:50CD3NvO5Q24X50srxZdUy"
    },
    {
      "artist": "Apashe",
      "album": "Dies Irae (Avance Remix)",
      "track": "Dies Irae - Avance Remix",
      "uri": "spotify:track:45Zj1pxsQNp4jn3g1KVyM7"
    },
    {
      "artist": "The Midnight",
      "album": "Monsters",
      "track": "Last Train",
      "uri": "spotify:track:2rSgzj1Yk2QSgPHuWb5Nh0"
    },
    {
      "artist": "Zimbra",
      "album": "Já Sei",
      "track": "Já Sei",
      "uri": "spotify:track:3EhlNAbbkqbNdzXWJUaKbT"
    },
    {
      "artist": "ZAYN",
      "album": "Icarus Falls",
      "track": "Flight Of The Stars",
      "uri": "spotify:track:5PBsmRHLRDBjcRyvb78icW"
    },
    {
      "artist": "I See Stars",
      "album": "Treehouse",
      "track": "Calm Snow",
      "uri": "spotify:track:2EUR6ueSTUDvxCogLDFcnn"
    },
    {
      "artist": "NEFFEX",
      "album": "Fight Back",
      "track": "Fight Back",
      "uri": "spotify:track:2zNTjCDUzoKhImvJfnk3vG"
    },
    {
      "artist": "Steven Universe",
      "album": "Steven Universe, Vol. 1 (Original Soundtrack)",
      "track": "Do It for Her",
      "uri": "spotify:track:78TLyC5Nwi70sEeUIMMB9s"
    },
    {
      "artist": "NF",
      "album": "Mansion",
      "track": "Wait",
      "uri": "spotify:track:7EQBIAZHD2QAh9sgtjZJgI"
    },
    {
      "artist": "Sia",
      "album": "LABRINTH, SIA & DIPLO PRESENT... LSD",
      "track": "Heaven Can Wait (feat. Sia, Diplo, and Labrinth)",
      "uri": "spotify:track:2VDTgXwf3F6kcpX4HI0BKy"
    },
    {
      "artist": "Ruel",
      "album": "Dazed & Confused",
      "track": "Dazed & Confused",
      "uri": "spotify:track:2pyjbGTpJCPjMYwCbdymiF"
    },
    {
      "artist": "ZAYN",
      "album": "Icarus Falls",
      "track": "Common",
      "uri": "spotify:track:39s9tdp3VpUpPtDxnda0d5"
    },
    {
      "artist": "Mariana Froes",
      "album": "Moça",
      "track": "Moça",
      "uri": "spotify:track:5seG9iETBE7SkiK03mcVnh"
    },
    {
      "artist": "J. Cole",
      "album": "The Off-Season",
      "track": "p r i d e . i s . t h e . d e v i l (with Lil Baby)",
      "uri": "spotify:track:5W8jRrZ6tWrTrqnKRtIQBf"
    },
    {
      "artist": "Chase Atlantic",
      "album": "Paradise EP",
      "track": "Slow Down",
      "uri": "spotify:track:5lT5IZWW3JQErXELJpQgJ9"
    },
    {
      "artist": "ZAYN",
      "album": "Icarus Falls",
      "track": "Entertainer",
      "uri": "spotify:track:6kjKRa91zikS6ZOL2Rt1QF"
    },
    {
      "artist": "Jeremih",
      "album": "All The Time",
      "track": "All The Time",
      "uri": "spotify:track:0USZx50eApN045zIIyjePN"
    },
    {
      "artist": "Steven Universe",
      "album": "Steven Universe, Vol. 1 (Original Soundtrack)",
      "track": "Be Wherever You Are",
      "uri": "spotify:track:04oQQQ1a7F43q65RTTIjWn"
    },
    {
      "artist": "Lauv",
      "album": "I met you when I was 18. (the playlist)",
      "track": "Adrenaline",
      "uri": "spotify:track:4nxMHRNNfrOZWg8NAKXnV8"
    },
    {
      "artist": "5 Seconds of Summer",
      "album": "Spotify Singles",
      "track": "Stay - Recorded at Spotify Studios NYC",
      "uri": "spotify:track:4jaiounlhJY1Vd0Vt6lrpB"
    },
    {
      "artist": "Nothing But Thieves",
      "album": "Nothing But Thieves",
      "track": "Graveyard Whistling",
      "uri": "spotify:track:3VOrtLsn6VBoqfcB8BqIU0"
    },
    {
      "artist": "5 a Seco",
      "album": "Pausa",
      "track": "Outro Big Bang",
      "uri": "spotify:track:1SBfXsgb6wYM72qpCcINnO"
    },
    {
      "artist": "Ski Mask The Slump God",
      "album": "Spider-Man: Into the Spider-Verse",
      "track": "Save The Day (feat. Coi Leray & LouGotCash)",
      "uri": "spotify:track:0vkzRCT7wzqWCFJw5TN1MQ"
    },
    {
      "artist": "almost monday",
      "album": "broken people",
      "track": "broken people",
      "uri": "spotify:track:0GOffguGbp8RViiVFaPCU2"
    },
    {
      "artist": "Nothing But Thieves",
      "album": "Broken Machine (Deluxe)",
      "track": "Hell, Yeah",
      "uri": "spotify:track:3nOi7ba91njKhrSVfXL8N9"
    },
    {
      "artist": "ZAYN",
      "album": "Icarus Falls",
      "track": "Stand Still",
      "uri": "spotify:track:0UGBBgsmcgpLTvhBfMWk5O"
    },
    {
      "artist": "1Kilo",
      "album": "Deixe Me Ir",
      "track": "Deixe Me Ir - Acústico",
      "uri": "spotify:track:2srL4DYBekshpbprS6H0mO"
    },
    {
      "artist": "The Chainsmokers",
      "album": "Who Do You Love",
      "track": "Who Do You Love",
      "uri": "spotify:track:11cDEev79fPKi6uJCjUhu8"
    },
    {
      "artist": "Ariana Grande",
      "album": "Positions",
      "track": "positions",
      "uri": "spotify:track:35mvY5S1H3J2QZyna3TFe0"
    },
    {
      "artist": "ZAYN",
      "album": "Icarus Falls",
      "track": "Fingers",
      "uri": "spotify:track:00wyFkzeyMt0qsiQvs9aUE"
    },
    {
      "artist": "ZAYN",
      "album": "Icarus Falls",
      "track": "You Wish You Knew",
      "uri": "spotify:track:1bZsRXW44Hgkr9wDJ4PKE0"
    },
    {
      "artist": "Palaye Royale",
      "album": "Boom Boom Room",
      "track": "Mr. Doctor Man",
      "uri": "spotify:track:1yIMrzF45Ven2FzPFAr0Gg"
    },
    {
      "artist": "Connor Price",
      "album": "Typical Rapper",
      "track": "Typical Rapper",
      "uri": "spotify:track:088IbUAoDDp9mkcWVzreHu"
    },
    {
      "artist": "Lorde",
      "album": "Pure Heroine",
      "track": "Team",
      "uri": "spotify:track:3G6hD9B2ZHOsgf4WfNu7X1"
    },
    {
      "artist": "Alessia Cara",
      "album": "The Pains Of Growing",
      "track": "Out Of Love",
      "uri": "spotify:track:4WzhjxvLP95y7AMDy0Atwb"
    },
    {
      "artist": "クリスタル(Vo.Lauren Dyson)",
      "album": "TVアニメ「キャロル&チューズデイ」VOCAL COLLECTION Vol.1",
      "track": "Unbreakable",
      "uri": "spotify:track:6a3NDJ3MihZwUeNAvD8P46"
    },
    {
      "artist": "Steven Universe",
      "album": "Steven Universe, Vol. 1 (Original Soundtrack)",
      "track": "Don't Cost Nothing",
      "uri": "spotify:track:7gihc3xYkAfRKCORj05TMg"
    },
    {
      "artist": "Elvenking",
      "album": "Two Tragedy Poets (...And a Caravan of Weird Figures)",
      "track": "Heaven Is a Place on Earth",
      "uri": "spotify:track:1pKzneY8mtlQVKy59UO2ou"
    },
    {
      "artist": "Niall Horan",
      "album": "Spotify Singles",
      "track": "Fool's Gold - Recorded At RAK Studios, London",
      "uri": "spotify:track:3AY6H68WNMDzWw9JhPW4Jv"
    },
    {
      "artist": "ZAYN",
      "album": "Icarus Falls",
      "track": "Sour Diesel",
      "uri": "spotify:track:19Mp7IvFfaWu4LDBsxon4P"
    },
    {
      "artist": "Dragone",
      "album": "When She Loved Him",
      "track": "When She Loved Him",
      "uri": "spotify:track:1QUxKvIC51syZWIWwjPt9s"
    },
    {
      "artist": "Rex Orange County",
      "album": "Live at Radio City Music Hall",
      "track": "Untitled - Live at Radio City Music Hall",
      "uri": "spotify:track:7EJOS8lV0OBg6NQ8erUGn6"
    },
    {
      "artist": "Bazzi",
      "album": "Alone",
      "track": "Alone",
      "uri": "spotify:track:1kFToCzZBG7clK0axbKVWH"
    },
    {
      "artist": "Kamelot",
      "album": "Epica",
      "track": "Center of the Universe",
      "uri": "spotify:track:6aC9xeShtKqsxqHnfLii6X"
    },
    {
      "artist": "Alan Walker",
      "album": "On My Way",
      "track": "On My Way",
      "uri": "spotify:track:4n7jnSxVLd8QioibtTDBDq"
    },
    {
      "artist": "Cemetery Sun",
      "album": "Cemetery Sun",
      "track": "Fake Love",
      "uri": "spotify:track:4ekEPnMf0RvF7z8rL9Xgzl"
    },
    {
      "artist": "Steven Universe",
      "album": "Steven Universe, Vol. 1 (Original Soundtrack)",
      "track": "Big Fat Zucchini",
      "uri": "spotify:track:1dv0P2pgNeugs25J2VqtPD"
    },
    {
      "artist": "mxmtoon",
      "album": "dawn",
      "track": "fever dream",
      "uri": "spotify:track:5WHgAhE3VlGpBiNKUWEyDY"
    },
    {
      "artist": "Badflower",
      "album": "Move Me",
      "track": "Move Me",
      "uri": "spotify:track:4kBDDlh8PN6SRobI0uANK1"
    },
    {
      "artist": "Kamelot",
      "album": "The Black Halo",
      "track": "The Haunting (Somewhere in Time) [feat. Simone Simons]",
      "uri": "spotify:track:4riKzzeTonEgPN9OCCvMqQ"
    },
    {
      "artist": "Sam Fender",
      "album": "Hypersonic Missiles",
      "track": "Call Me Lover",
      "uri": "spotify:track:4Pg6x9W2ziSJh5iym9XRTB"
    },
    {
      "artist": "ZAYN",
      "album": "Icarus Falls",
      "track": "Back To Life",
      "uri": "spotify:track:7HwaFaAYFuMpUWAIVjB5hj"
    },
    {
      "artist": "Wrabel",
      "album": "We Could Be Beautiful",
      "track": "Ritual",
      "uri": "spotify:track:5X2ippHAj4GHuWfqQriqvF"
    },
    {
      "artist": "WOODZ",
      "album": "DIFFERENT",
      "track": "DIFFERENT",
      "uri": "spotify:track:5Y7a8iWIawp1QTbevGeH1V"
    },
    {
      "artist": "The Consolation",
      "album": "The Way It Went",
      "track": "Lilly",
      "uri": "spotify:track:6rF6Y1mQ3tvvB31lVsBYtA"
    },
    {
      "artist": "Two Feet",
      "album": "A 20 Something Fuck",
      "track": "I Feel Like I'm Drowning",
      "uri": "spotify:track:3aauaXWRgwCMoykMbI0Jq1"
    },
    {
      "artist": "Oh Wonder",
      "album": "Oh Wonder",
      "track": "Drive",
      "uri": "spotify:track:2kJqNHHGOzLNahukdvlDWN"
    },
    {
      "artist": "ZAYN",
      "album": "Icarus Falls",
      "track": "Tonight",
      "uri": "spotify:track:5rinLvgqv31pWEcjtqwtRY"
    },
    {
      "artist": "ZAYN",
      "album": "Icarus Falls",
      "track": "Natural",
      "uri": "spotify:track:0ubgPdVdSSp0n2l4pLIeB2"
    },
    {
      "artist": "NF",
      "album": "The Search",
      "track": "Hate Myself",
      "uri": "spotify:track:5PdEiev2BkKiZtZFcNKjfM"
    },
    {
      "artist": "Ava Max",
      "album": "So Am I",
      "track": "So Am I",
      "uri": "spotify:track:0uUNN1nSoUx1A4fkDCWDQ7"
    },
    {
      "artist": "Steven Universe",
      "album": "Steven Universe, Vol. 1 (Original Soundtrack)",
      "track": "Something Entirely New",
      "uri": "spotify:track:5Ghk0ASTtfCFZoNgcr2wC6"
    },
    {
      "artist": "Nothing But Thieves",
      "album": "Broken Machine (Deluxe)",
      "track": "Soda",
      "uri": "spotify:track:3PUnku87booODLtX6VVHwN"
    },
    {
      "artist": "Vince Staples",
      "album": "Spider-Man: Into the Spider-Verse",
      "track": "Home",
      "uri": "spotify:track:7pBsquIkbED6W6uSQJGbkn"
    },
    {
      "artist": "Khalid",
      "album": "Suncity",
      "track": "Vertigo",
      "uri": "spotify:track:7stcuQtnHL7C6XdPvpwywv"
    },
    {
      "artist": "92914",
      "album": "Okinawa",
      "track": "Okinawa",
      "uri": "spotify:track:1CfcKv1RLdJBWhRHAZgVdf"
    },
    {
      "artist": "Steven Universe",
      "album": "Steven Universe, Vol. 1 (Original Soundtrack)",
      "track": "Love Like You (End Credits)",
      "uri": "spotify:track:2HD2g1syRNaqanstTj8zfJ"
    },
    {
      "artist": "Amber Run",
      "album": "5AM (Expanded Edition)",
      "track": "I Found",
      "uri": "spotify:track:5zT5cMnMKoyruPj13TQXGx"
    },
    {
      "artist": "Shinsei Kamattechan",
      "album": "Boku no Sensou",
      "track": "Boku no Sensou - TV Size",
      "uri": "spotify:track:3tRPfCFAEv6wWyQO0YnGGV"
    },
    {
      "artist": "J. Cole",
      "album": "The Off-Season",
      "track": "m y . l i f e (with 21 Savage & Morray)",
      "uri": "spotify:track:1D3z6HTiQsNmZxjl7F7eoG"
    },
    {
      "artist": "Peter Manos",
      "album": "In My Head",
      "track": "In My Head",
      "uri": "spotify:track:3bne7Qit5AbHkX6kWDItYP"
    },
    {
      "artist": "Marshmello",
      "album": "Be Kind (with Halsey)",
      "track": "Be Kind (with Halsey)",
      "uri": "spotify:track:3Z8FwOEN59mRMxDCtb8N0A"
    },
    {
      "artist": "Amber Run",
      "album": "The Assembly",
      "track": "Amen",
      "uri": "spotify:track:4rCmaUBsSjuiQcKoKIo7UE"
    },
    {
      "artist": "5 a Seco",
      "album": "Pausa",
      "track": "Centro",
      "uri": "spotify:track:37ssB8goUGT9EXmrMWg7tw"
    },
    {
      "artist": "Pink Sweat$",
      "album": "Volume 1 EP",
      "track": "Cocaine",
      "uri": "spotify:track:3atqfvHwNUtXwWhhhkVBm7"
    },
    {
      "artist": "OneRepublic",
      "album": "Oh My My",
      "track": "Kids",
      "uri": "spotify:track:6h5QhAr40fSzDWMexvb8v7"
    },
    {
      "artist": "Lauv",
      "album": "I met you when I was 18. (the playlist)",
      "track": "Easy Love",
      "uri": "spotify:track:732Sqj2piYPhdMPENP4axz"
    },
    {
      "artist": "Fresno",
      "album": "A Sinfonia de Tudo Que Há",
      "track": "O Ar",
      "uri": "spotify:track:6rZcFycUXZfnPYrxcPtgSQ"
    },
    {
      "artist": "Steven Universe",
      "album": "Steven Universe, Vol. 1 (Original Soundtrack)",
      "track": "Tower of Mistakes",
      "uri": "spotify:track:5OHJ1iasttj7hRaEwHqESy"
    },
    {
      "artist": "Sarah Cothran",
      "album": "As the World Caves In",
      "track": "As the World Caves In",
      "uri": "spotify:track:7LAmsNJpBaNvNg7VZPXxSv"
    },
    {
      "artist": "Steven Universe",
      "album": "Steven Universe, Vol. 1 (Original Soundtrack)",
      "track": "Here Comes a Thought",
      "uri": "spotify:track:6bX8I0kg3J6IXWVlyVknh1"
    },
    {
      "artist": "NF",
      "album": "Mansion",
      "track": "Wake Up",
      "uri": "spotify:track:2yRm4iT3ohO5WOay4l2H0q"
    },
    {
      "artist": "Jaden",
      "album": "Spider-Man: Into the Spider-Verse",
      "track": "Way Up",
      "uri": "spotify:track:7cFFhb9Wz2ZXLSpEk2VDKd"
    },
    {
      "artist": "ZAYN",
      "album": "Icarus Falls",
      "track": "Insomnia",
      "uri": "spotify:track:6ncktALa56mtlhkA1Ko3Tq"
    },
    {
      "artist": "I The Mighty",
      "album": "Where the Mind Wants to Go / Where You Let It Go",
      "track": "The Sound of Breathing",
      "uri": "spotify:track:6405JXOJSjswFmd6gOAvKB"
    },
    {
      "artist": "Chase Atlantic",
      "album": "Chase Atlantic",
      "track": "Swim",
      "uri": "spotify:track:3M0lSi5WW79CXQamgSBIjx"
    },
    {
      "artist": "Rex Orange County",
      "album": "Pony",
      "track": "Pluto Projector",
      "uri": "spotify:track:4EWBhKf1fOFnyMtUzACXEc"
    },
    {
      "artist": "キャロル&チューズデイ(Vo.Nai Br.XX&Celeina Ann)",
      "album": "TVアニメ「キャロル&チューズデイ」VOCAL COLLECTION Vol.1",
      "track": "The Loneliest Girl",
      "uri": "spotify:track:03JAxK9FmaSXnIZ6GxEcej"
    },
    {
      "artist": "Rosa Neon",
      "album": "Rosa Neon",
      "track": "Fala Lá Pra Ela",
      "uri": "spotify:track:5aTOYS7orRPTlc9DOa2CI6"
    },
    {
      "artist": "Bad Omens",
      "album": "Never Know",
      "track": "Never Know - Unplugged",
      "uri": "spotify:track:3fzYpkadJKnfKXWANbRXwL"
    },
    {
      "artist": "ZAYN",
      "album": "I Don’t Wanna Live Forever (Fifty Shades Darker)",
      "track": "I Don’t Wanna Live Forever (Fifty Shades Darker)",
      "uri": "spotify:track:6yIdwnpDHufLWgQcveTPMk"
    },
    {
      "artist": "Lauv",
      "album": "I met you when I was 18. (the playlist)",
      "track": "Breathe",
      "uri": "spotify:track:373q2bp4ZvyJ9kFZcpJSMs"
    },
    {
      "artist": "Ariana Grande",
      "album": "thank u, next",
      "track": "bad idea",
      "uri": "spotify:track:5Il6Oe7lr5XM7A0cWbVQtr"
    },
    {
      "artist": "Steven Universe",
      "album": "Steven Universe, Vol. 1 (Original Soundtrack)",
      "track": "I Think I Need a Little (Change)",
      "uri": "spotify:track:4RElt3Hrmdg8gNr3yUKoyE"
    },
    {
      "artist": "Beau Young Prince",
      "album": "Spider-Man: Into the Spider-Verse",
      "track": "Let Go",
      "uri": "spotify:track:5F2AuFzEiuAQD0JVNjVJQz"
    },
    {
      "artist": "The Neighbourhood",
      "album": "Wiped Out!",
      "track": "Baby Came Home 2 / Valentines",
      "uri": "spotify:track:40gvh6jP5qxMJuMmF9lG9A"
    },
    {
      "artist": "Kanye West",
      "album": "Donda",
      "track": "Praise God",
      "uri": "spotify:track:0WSEq9Ko4kFPt8yo3ICd6T"
    },
    {
      "artist": "Khalid",
      "album": "Free Spirit",
      "track": "Heaven",
      "uri": "spotify:track:0Hgqglypzt6Qs5Duqskcqs"
    },
    {
      "artist": "The Hunna",
      "album": "Bad Place",
      "track": "Bad Place",
      "uri": "spotify:track:7CFbskWjyQA92IvdApIIpV"
    },
    {
      "artist": "Steven Universe",
      "album": "Steven Universe, Vol. 1 (Original Soundtrack)",
      "track": "Wailing Stone",
      "uri": "spotify:track:3N9ITpZfYC6bv7ag4XXued"
    },
    {
      "artist": "Lauv",
      "album": "I met you when I was 18. (the playlist)",
      "track": "Come Back Home",
      "uri": "spotify:track:6Dno7FrbG6vnTm9KfjFwf6"
    },
    {
      "artist": "Nothing But Thieves",
      "album": "Broken Machine (Deluxe)",
      "track": "Number 13",
      "uri": "spotify:track:2dgrCJ9raXfG4XrjUYFYyo"
    },
    {
      "artist": "Steven Universe",
      "album": "Steven Universe, Vol. 1 (Original Soundtrack)",
      "track": "We Are the Crystal Gems (Main Title)",
      "uri": "spotify:track:1m7htett3rX5l516pxzU6c"
    },
    {
      "artist": "Aminé",
      "album": "Spider-Man: Into the Spider-Verse",
      "track": "Invincible",
      "uri": "spotify:track:6VS7wKwtvL2FvTupYSWZ9e"
    },
    {
      "artist": "SZA",
      "album": "Hit Different",
      "track": "Hit Different",
      "uri": "spotify:track:7Bar1kLTmsRmH6FCKKMEyU"
    },
    {
      "artist": "Chase Atlantic",
      "album": "Chase Atlantic",
      "track": "Into It",
      "uri": "spotify:track:4HwDCXsMBC7SUdp2WT4MZP"
    },
    {
      "artist": "Blackway",
      "album": "Spider-Man: Into the Spider-Verse",
      "track": "What's Up Danger (with Black Caviar)",
      "uri": "spotify:track:5zsHmE2gO3RefVsPyw2e3T"
    },
    {
      "artist": "Steven Universe",
      "album": "Steven Universe, Vol. 1 (Original Soundtrack)",
      "track": "Stronger Than You",
      "uri": "spotify:track:3ry3QOTArZPVqduQETTX4m"
    },
    {
      "artist": "OUTROEU",
      "album": "OutroEu",
      "track": "Outro Eu",
      "uri": "spotify:track:5MvgPXCVXAeBaHhDHLEXHS"
    },
    {
      "artist": "Zimbra",
      "album": "O Tudo, o Nada e o Mundo",
      "track": "Amanhã",
      "uri": "spotify:track:4NqgF8zFy3zwSMyj7Kmhvm"
    },
    {
      "artist": "t.A.T.u.",
      "album": "200 KM/H In The Wrong Lane",
      "track": "All The Things She Said",
      "uri": "spotify:track:4bJygwUKrRgq1stlNXcgMg"
    },
    {
      "artist": "Steven Universe",
      "album": "Steven Universe, Vol. 1 (Original Soundtrack)",
      "track": "Strong in the Real Way",
      "uri": "spotify:track:5XNxMOA0ulXcavLzOQM2br"
    },
    {
      "artist": "ZAYN",
      "album": "Icarus Falls",
      "track": "All That",
      "uri": "spotify:track:0K1MHDfgPizbebJZkfS47S"
    },
    {
      "artist": "Steven Universe",
      "album": "Steven Universe, Vol. 1 (Original Soundtrack)",
      "track": "Haven't You Noticed (I'm a Star)",
      "uri": "spotify:track:7FsFou0RSL17YhARAH09qK"
    },
    {
      "artist": "Goody Grace",
      "album": "Rest Your Eyes",
      "track": "Rest Your Eyes",
      "uri": "spotify:track:7LfuC8zlwxo8OtbhxvPAj5"
    },
    {
      "artist": "COIN",
      "album": "COIN",
      "track": "Run",
      "uri": "spotify:track:6szw2Y2ywtth0oc7ODN3Tz"
    },
    {
      "artist": "Steven Universe",
      "album": "Steven Universe, Vol. 1 (Original Soundtrack)",
      "track": "Comet",
      "uri": "spotify:track:2OgMSIdtVumkk05UkXOk38"
    },
    {
      "artist": "Wrabel",
      "album": "The Village",
      "track": "The Village",
      "uri": "spotify:track:6epvwUINain4iSHCTWA0sj"
    },
    {
      "artist": "Steven Universe",
      "album": "Steven Universe, Vol. 1 (Original Soundtrack)",
      "track": "Mr. Greg",
      "uri": "spotify:track:5sEJwQ6I3rLbhNoQpNjfl1"
    },
    {
      "artist": "ZAYN",
      "album": "Icarus Falls",
      "track": "Good Years",
      "uri": "spotify:track:7E36KTd5Wcf3t3I4hmcSvK"
    },
    {
      "artist": "Juice WRLD",
      "album": "Spider-Man: Into the Spider-Verse",
      "track": "Hide (feat. Seezyn)",
      "uri": "spotify:track:6rz0dTA0PdhXImFV5EjM0w"
    },
    {
      "artist": "Muse",
      "album": "Black Holes and Revelations",
      "track": "Knights of Cydonia",
      "uri": "spotify:track:7ouMYWpwJ422jRcDASZB7P"
    },
    {
      "artist": "Steven Universe",
      "album": "Steven Universe, Vol. 1 (Original Soundtrack)",
      "track": "Peace and Love on the Planet Earth",
      "uri": "spotify:track:6Y2VzNDBghZuYv18sr0AYO"
    },
    {
      "artist": "Steven Universe",
      "album": "Steven Universe, Vol. 1 (Original Soundtrack)",
      "track": "On the Run",
      "uri": "spotify:track:4a5DhoM0I2aPPPEW3tws0J"
    },
    {
      "artist": "DREAMERS",
      "album": "Heat Seeker",
      "track": "Heat Seeker",
      "uri": "spotify:track:7noHzxuNmeIwYftylZfVRT"
    },
    {
      "artist": "Makari",
      "album": "Transient (acoustic)",
      "track": "Transient (acoustic)",
      "uri": "spotify:track:5tVtDLvrpsn4hhpMkipK1j"
    },
    {
      "artist": "Lagum",
      "album": "NINGUÉM ME ENSINOU",
      "track": "NINGUÉM ME ENSINOU",
      "uri": "spotify:track:2CnjdM7i26Y1kvN3lyuDOl"
    },
    {
      "artist": "Bastille",
      "album": "Quarter Past Midnight",
      "track": "Quarter Past Midnight",
      "uri": "spotify:track:1etiUDkISHELzQGMY79ryt"
    },
    {
      "artist": "Divide",
      "album": "No Fear",
      "track": "No Fear",
      "uri": "spotify:track:4lAerxPGq88krWmIXd5dbf"
    },
    {
      "artist": "Lauv",
      "album": "I met you when I was 18. (the playlist)",
      "track": "The Other",
      "uri": "spotify:track:0EAzlhtMYxRb6wbi6KnPjC"
    },
    {
      "artist": "Thousand Below",
      "album": "let go of your love",
      "track": "let go of your love",
      "uri": "spotify:track:1ehMNecFGwZu0tmCImU473"
    },
    {
      "artist": "Bastille",
      "album": "Give Me The Future",
      "track": "Give Me The Future",
      "uri": "spotify:track:4v4zSLaMkF5Ezx6KHHMQam"
    },
    {
      "artist": "WILLOW",
      "album": "ARDIPITHECUS",
      "track": "Wait a Minute!",
      "uri": "spotify:track:0y60itmpH0aPKsFiGxmtnh"
    },
    {
      "artist": "BROCKHAMPTON",
      "album": "GINGER",
      "track": "SUGAR",
      "uri": "spotify:track:6U0FIYXCQ3TGrk4tFpLrEA"
    },
    {
      "artist": "Sam Fender",
      "album": "Hypersonic Missiles",
      "track": "Hypersonic Missiles",
      "uri": "spotify:track:6CltzquypraYIlWFp48m1O"
    },
    {
      "artist": "Scalene",
      "album": "Entrelaços/Inércia",
      "track": "Entrelaços",
      "uri": "spotify:track:7G8g5eNiXRtM96YAQ09Nsl"
    },
    {
      "artist": "Rex Orange County",
      "album": "Live at Radio City Music Hall",
      "track": "Sunflower - Live at Radio City Music Hall",
      "uri": "spotify:track:3xz5n1xyi3DOMIb8vodsZm"
    },
    {
      "artist": "Bring Me The Horizon",
      "album": "Teardrops",
      "track": "Teardrops",
      "uri": "spotify:track:3aniWcwiiYKHpm3F5TdeKD"
    },
    {
      "artist": "The True Blue",
      "album": "Other Summer",
      "track": "O.O.C.",
      "uri": "spotify:track:69MRj4E8bEbIHVXASMWneS"
    },
    {
      "artist": "Goody Grace",
      "album": "Wasting Time",
      "track": "Wasting Time",
      "uri": "spotify:track:68jOSfo0tPsCfmDY42ppEZ"
    },
    {
      "artist": "Steven Universe",
      "album": "Steven Universe, Vol. 1 (Original Soundtrack)",
      "track": "Cookie Cat",
      "uri": "spotify:track:4AqxtV6ivLzc2nGJCn8JqC"
    },
    {
      "artist": "Kodaline",
      "album": "Politics of Living",
      "track": "Hide and Seek",
      "uri": "spotify:track:1H33wNKihn8zcTexnwUoJ6"
    },
    {
      "artist": "Steven Universe",
      "album": "Steven Universe, Vol. 1 (Original Soundtrack)",
      "track": "Both of You",
      "uri": "spotify:track:3vi9kxwtlCPGXO8H2RKeQq"
    },
    {
      "artist": "Ruel",
      "album": "Ready",
      "track": "Say",
      "uri": "spotify:track:5VjTlCuX8C11QDunDwvyNh"
    },
    {
      "artist": "Kanye West",
      "album": "Donda",
      "track": "Off The Grid",
      "uri": "spotify:track:2gbMPBrBVj3CuNTLp2dHYs"
    },
    {
      "artist": "Lauv",
      "album": "I met you when I was 18. (the playlist)",
      "track": "Enemies",
      "uri": "spotify:track:3JJYIoJ5FyY9E0DGjr7SXF"
    },
    {
      "artist": "The Neighbourhood",
      "album": "Wiped Out!",
      "track": "Single",
      "uri": "spotify:track:5Ma3BlNVDtn3JiwMEafSaq"
    },
    {
      "artist": "Plested",
      "album": "First & Foremost",
      "track": "Worthy Of You",
      "uri": "spotify:track:1FDV80LC5JnTDAEjPDovER"
    },
    {
      "artist": "Steven Universe",
      "album": "Steven Universe, Vol. 1 (Original Soundtrack)",
      "track": "Full Disclosure",
      "uri": "spotify:track:0bXoE5DOqXBvaCdYhzkcbz"
    },
    {
      "artist": "COIN",
      "album": "Dreamland",
      "track": "Youuu",
      "uri": "spotify:track:7u1es8J70XtwkKXWBDXsyZ"
    },
    {
      "artist": "NF",
      "album": "Mansion",
      "track": "Can You Hold Me",
      "uri": "spotify:track:1isXdpzFMO6EIkgdWjV2D8"
    },
    {
      "artist": "Amber Run",
      "album": "Ride",
      "track": "Ride",
      "uri": "spotify:track:2xC1mICwtB2dpfWlr3IROz"
    },
    {
      "artist": "Muse",
      "album": "Absolution",
      "track": "Time is Running Out",
      "uri": "spotify:track:2takcwOaAZWiXQijPHIx7B"
    },
    {
      "artist": "Nothing But Thieves",
      "album": "Broken Machine (Deluxe)",
      "track": "Live Like Animals",
      "uri": "spotify:track:3GSC9EXY0Csb8C6xccHv2V"
    },
    {
      "artist": "Steven Universe",
      "album": "Steven Universe, Vol. 1 (Original Soundtrack)",
      "track": "The Jam Song",
      "uri": "spotify:track:3olSpTDtGJEirxSQfrhiaL"
    },
    {
      "artist": "Rodrigo Alarcon",
      "album": "Parte",
      "track": "Dama da Noite",
      "uri": "spotify:track:3mkhRxl70ulCHJjjTieHLZ"
    },
    {
      "artist": "ZAYN",
      "album": "Icarus Falls",
      "track": "I Don't Mind",
      "uri": "spotify:track:4bPnX0NzKZ016kZDD0WdcO"
    },
    {
      "artist": "Lauv",
      "album": "i'm so tired... (Stripped - Live in LA)",
      "track": "i'm so tired... - Stripped - Live in LA",
      "uri": "spotify:track:6bnT4Xhs1lkOHgFjHq6M3b"
    },
    {
      "artist": "Mark Diamond",
      "album": "War (The Lost Recordings)",
      "track": "All We've Done (Lost Recording #9)",
      "uri": "spotify:track:2mcTmOwuU7TlvgRnKMt5ke"
    },
    {
      "artist": "5 a Seco",
      "album": "Síntese",
      "track": "Pensando Bem",
      "uri": "spotify:track:0m7belwSddHEXz2mjlWSGi"
    },
    {
      "artist": "DJ Khalil",
      "album": "Spider-Man: Into the Spider-Verse",
      "track": "Elevate (feat. Denzel Curry, YBN Cordae, SwaVay, Trevor Rich)",
      "uri": "spotify:track:6kiauSlWtddVQx4JwJx51p"
    },
    {
      "artist": "The Hunna",
      "album": "Dare",
      "track": "Babe, Can I Call?",
      "uri": "spotify:track:1mjZD8qkY7SyCRoNIEQ7MU"
    },
    {
      "artist": "Khalid",
      "album": "Suncity",
      "track": "Suncity (feat. Empress Of)",
      "uri": "spotify:track:6SkHm6poyKfzV6kc9any8k"
    },
    {
      "artist": "The Beatles",
      "album": "Abbey Road",
      "track": "I Want You (She's So Heavy) - 2019 Mix",
      "uri": "spotify:track:5h0yfg2KLqjVOKpCUTkBKo"
    },
    {
      "artist": "Lauv",
      "album": "I met you when I was 18. (the playlist)",
      "track": "The Story Never Ends",
      "uri": "spotify:track:3u5bTqHMM1P34ZkbwzdckV"
    },
    {
      "artist": "ZAYN",
      "album": "Icarus Falls",
      "track": "There You Are",
      "uri": "spotify:track:7MmnLaftYzin7boRbplKdA"
    },
    {
      "artist": "ZAYN",
      "album": "Icarus Falls",
      "track": "Rainberry",
      "uri": "spotify:track:6mXRWXFzT0tXp2EYvkosqj"
    },
    {
      "artist": "BTS",
      "album": "Love Yourself 轉 'Tear'",
      "track": "The Truth Untold",
      "uri": "spotify:track:48XfojJC87VKLlUotYV0Gm"
    },
    {
      "artist": "SZA",
      "album": "Good Days",
      "track": "Good Days",
      "uri": "spotify:track:3YJJjQPAbDT7mGpX3WtQ9A"
    },
    {
      "artist": "The 1975",
      "album": "A Brief Inquiry Into Online Relationships",
      "track": "I Always Wanna Die (Sometimes)",
      "uri": "spotify:track:7iPlcFvOMOzt6v0QvcAueZ"
    },
    {
      "artist": "ZAYN",
      "album": "Icarus Falls",
      "track": "Good Guy",
      "uri": "spotify:track:349S6nmGo2OSDOr4760QT4"
    },
    {
      "artist": "Lauv",
      "album": "Drugs & The Internet",
      "track": "Drugs & The Internet",
      "uri": "spotify:track:4SHhui9S7lFYGHXikfneGo"
    },
    {
      "artist": "YONAKA",
      "album": "Seize the Power",
      "track": "Seize the Power",
      "uri": "spotify:track:4wD6EgZCok8Qb5Fs8jszYc"
    },
    {
      "artist": "Goody Grace",
      "album": "Infinite",
      "track": "Pretend",
      "uri": "spotify:track:6gfXkp2Bx67l8yFD7IWm6h"
    },
    {
      "artist": "Rauf & Faik",
      "album": "Я люблю тебя",
      "track": "Детство",
      "uri": "spotify:track:381kyofsIJKajRfX9iKLs8"
    },
    {
      "artist": "5 Seconds of Summer",
      "album": "Lie To Me (feat. Julia Michaels)",
      "track": "Lie To Me (feat. Julia Michaels)",
      "uri": "spotify:track:6GzApXoBQiiAjak3tOQfV3"
    },
    {
      "artist": "The 1975",
      "album": "The 1975",
      "track": "Undo",
      "uri": "spotify:track:1LD52Nzt9wg1vB3F6gelPH"
    },
    {
      "artist": "Michael Bublé",
      "album": "It's Time",
      "track": "Feeling Good",
      "uri": "spotify:track:1AM8QdDFZMq6SrrqUnuQ9P"
    },
    {
      "artist": "Bring Me The Horizon",
      "album": "Music to listen to~dance to~blaze to~pray to~feed to~sleep to~talk to~grind to~trip to~breathe to~help to~hurt to~scroll to~roll to~love to~hate to~learn Too~plot to~play to~be to~feel to~breed to~sweat to~dream to~hide to~live to~die to~GO TO",
      "track": "±ªþ³§ (feat. Yonaka)",
      "uri": "spotify:track:3YN2QLK50um2t62c8p6U0I"
    },
    {
      "artist": "Doja Cat",
      "album": "Kiss Me More (feat. SZA)",
      "track": "Kiss Me More (feat. SZA)",
      "uri": "spotify:track:748mdHapucXQri7IAO8yFK"
    },
    {
      "artist": "Lauv",
      "album": "Chasing Fire",
      "track": "Chasing Fire",
      "uri": "spotify:track:1xy4apMFecGGkgBeaHFZ2M"
    },
    {
      "artist": "JAXSON GAMBLE",
      "album": "Knock Back",
      "track": "Knock Back",
      "uri": "spotify:track:0bpRrI90VexwEkbyD3jvpM"
    },
    {
      "artist": "Lil Wayne",
      "album": "Spider-Man: Into the Spider-Verse",
      "track": "Scared of the Dark (feat. XXXTENTACION)",
      "uri": "spotify:track:3vWzyGTu6Ovo1GdrcJqH6e"
    },
    {
      "artist": "The Neighbourhood",
      "album": "Hard To Imagine The Neighbourhood Ever Changing",
      "track": "Paradise",
      "uri": "spotify:track:75iJMOH4oBobiRiBJVdw2m"
    },
    {
      "artist": "Pedra Leticia",
      "album": "Eu Sou Pedreiro",
      "track": "Se Essa Culpa Fosse Minha",
      "uri": "spotify:track:6isZiZe4vSKsJwC4vtlJli"
    },
    {
      "artist": "ZAYN",
      "album": "Icarus Falls",
      "track": "If I Got You",
      "uri": "spotify:track:27qK80LMURSWeYNbNG0YWO"
    },
    {
      "artist": "Steven Universe",
      "album": "Steven Universe, Vol. 1 (Original Soundtrack)",
      "track": "Steven and the Crystal Gems",
      "uri": "spotify:track:6fwZyz2x0f3IiE06z6DLKv"
    },
    {
      "artist": "Seafret",
      "album": "Tell Me It's Real",
      "track": "Oceans",
      "uri": "spotify:track:5eXnC2B5RU5fAhfwvV2ABD"
    },
    {
      "artist": "Between Kings",
      "album": "The Escape",
      "track": "World of Our Own",
      "uri": "spotify:track:6XdcROV8qyxTIkLJiEZTj1"
    },
    {
      "artist": "Bring Me The Horizon",
      "album": "That's The Spirit",
      "track": "Drown",
      "uri": "spotify:track:6o39Ln9118FKTMbM4BvcEy"
    },
    {
      "artist": "EDEN",
      "album": "909",
      "track": "909",
      "uri": "spotify:track:4k5X2O5IMrlG4bwzxv40W6"
    },
    {
      "artist": "Alec Benjamin",
      "album": "Narrated For You",
      "track": "Let Me Down Slowly",
      "uri": "spotify:track:2qxmye6gAegTMjLKEBoR3d"
    },
    {
      "artist": "Fall Out Boy",
      "album": "American Beauty/American Psycho",
      "track": "Twin Skeleton's (Hotel In NYC)",
      "uri": "spotify:track:2WWP0IPX9xFjAMraNHX390"
    },
    {
      "artist": "Steven Universe",
      "album": "Steven Universe, Vol. 1 (Original Soundtrack)",
      "track": "Empire City",
      "uri": "spotify:track:7epZ24NL1u9Q4CRJXJc6XG"
    },
    {
      "artist": "Pineapple StormTv",
      "album": "Canção Infantil",
      "track": "Canção Infantil",
      "uri": "spotify:track:5yzYGjKIHJA4DNgDwBB8a7"
    },
    {
      "artist": "ZAYN",
      "album": "Icarus Falls",
      "track": "Scripted",
      "uri": "spotify:track:4lBTwYz5ZhcF6G7u2pPLtG"
    },
    {
      "artist": "Duckwrth",
      "album": "Spider-Man: Into the Spider-Verse",
      "track": "Start a Riot",
      "uri": "spotify:track:6V81K1OcvYgHEnCA6A2Qx9"
    },
    {
      "artist": "The Neighbourhood",
      "album": "Wiped Out!",
      "track": "R.I.P. 2 My Youth",
      "uri": "spotify:track:07VBqWH6NG8L2ad3l84UKk"
    },
    {
      "artist": "Twenty One Pilots",
      "album": "Shy Away",
      "track": "Shy Away",
      "uri": "spotify:track:2z0IupRlVRlDN5r2IVqHyN"
    },
    {
      "artist": "Aquilo",
      "album": "ii",
      "track": "Who Are You",
      "uri": "spotify:track:5TBWCX4Rgx7eRUs0QMtX7E"
    }
  ],
  "albums": [
    {
      "artist": "Lauv",
      "album": "I met you when I was 18. (the playlist)",
      "uri": "spotify:album:7lqieLm717j9Z8JrG7POkS"
    },
    {
      "artist": "Kings of Leon",
      "album": "Youth And Young Manhood",
      "uri": "spotify:album:2137zeBGNgOWP4D96q6qxd"
    },
    {
      "artist": "Steven Universe",
      "album": "Steven Universe, Vol. 1 (Original Soundtrack)",
      "uri": "spotify:album:3fNVnjSRQ3oW4PUIKvrThu"
    },
    {
      "artist": "Rizzih",
      "album": "Celeste",
      "uri": "spotify:album:1IkJE0zfNiMPQasZAc5Mg2"
    },
    {
      "artist": "BAEKHYUN",
      "album": "City Lights - The 1st Mini Album",
      "uri": "spotify:album:6AeMj5CMeTXRGhmUuv0LH3"
    },
    {
      "artist": "Various Artists",
      "album": "KINGDOM HEARTS - III, II.8, Unchained χ & Union χ [Cross] –",
      "uri": "spotify:album:3e7IU11zNQe3GzMnGDeQOX"
    },
    {
      "artist": "ZAYN",
      "album": "Icarus Falls",
      "uri": "spotify:album:2aE3VcIiNPqqo4VzOXiDoR"
    },
    {
      "artist": "Various Artists",
      "album": "TVアニメ「キャロル&チューズデイ」VOCAL COLLECTION Vol.1",
      "uri": "spotify:album:54hb2cgal71xCmoC9EB4IW"
    },
    {
      "artist": "Nothing But Thieves",
      "album": "Moral Panic",
      "uri": "spotify:album:5LNmaMITXXVrEm4fnyUbrd"
    },
    {
      "artist": "PurpleSchala",
      "album": "A Keiichi Okabe Easter",
      "uri": "spotify:album:33I1hxl8p9jenKZXiES77V"
    },
    {
      "artist": "NF",
      "album": "Time",
      "uri": "spotify:album:1QcPl6AFNTiczxCuSpOoEM"
    }
  ],
  "shows": [
  ],
  "episodes": [
  ],
  "bannedTracks": [
  ],
  "artists": [
    {
      "name": "Aimer",
      "uri": "spotify:artist:0bAsR2unSRpn6BQPEnNlZm"
    },
    {
      "name": "Daughter",
      "uri": "spotify:artist:46CitWgnWrvF9t70C2p1Me"
    },
    {
      "name": "Nothing But Thieves",
      "uri": "spotify:artist:1kDGbuxWknIKx4FlgWxiSp"
    },
    {
      "name": "キャロル&チューズデイ(Vo.Nai Br.XX&Celeina Ann)",
      "uri": "spotify:artist:3tggmwr8QhWUTVdZ6br4na"
    }
  ],
  "bannedArtists": [
  ],
  "other": [
  ]
}